Group,Age,G,GS,MP,FG,FGA,FG%,3P,3PA,3P%,2P,2PA,2P%,FT,FTA,FT%,ORB,DRB,TRB,AST,STL,BLK,TOV,PF,PTS
16,26.2672413793,59.7155172414,35.4137931034,1637.25862069,6.06206896552,14.2827586207,0.424432641236,1.35172413793,4.05,0.333759046403,4.70689655172,10.2301724138,0.460099435409,3.29655172414,4.1974137931,0.785376874101,0.85,3.73017241379,4.575,5.31379310345,1.32327586207,0.328448275862,2.70086206897,2.56551724138,16.7681034483
4,25.1764705882,8.64705882353,0.176470588235,41.8823529412,2.69411764706,9.69411764706,0.277912621359,0.352941176471,1.51176470588,0.233463035019,2.33529411765,8.18823529412,0.285201149425,2.47647058824,3.52941176471,0.701666666667,1.68235294118,2.81176470588,4.47647058824,1.24117647059,1.45882352941,0.188235294118,2.73529411765,5.89411764706,8.21176470588
22,27.8550724638,51.2463768116,19.3913043478,1046.42028986,3.74202898551,9.6884057971,0.386237845924,2.07536231884,5.85362318841,0.354543203763,1.67101449275,3.8347826087,0.435752078609,0.982608695652,1.31014492754,0.75,0.689855072464,3.46811594203,4.15072463768,2.77101449275,1.09130434783,0.391304347826,1.54057971014,3.24637681159,10.531884058
7,26.7972972973,55.3445945946,28.4459459459,1202.08783784,5.42635135135,10.8790540541,0.4987888951,0.108108108108,0.418243243243,0.258481421648,5.31756756757,10.4601351351,0.508365092694,2.48783783784,3.77297297297,0.659383954155,3.23648648649,6.66959459459,9.90608108108,1.75202702703,0.956756756757,1.41283783784,1.93175675676,4.12027027027,13.4608108108
9,27.3333333333,2.33333333333,0.0,21.3333333333,0.833333333333,11.5666666667,0.0720461095101,0.0,0.833333333333,0.0,0.833333333333,10.7333333333,0.0776397515528,0.0,0.0,nan,0.0,0.9,0.9,4.9,0.566666666667,0.0,0.566666666667,0.266666666667,1.66666666667
10,26.0909090909,54.2121212121,20.0075757576,1169.31818182,4.80151515152,11.7204545455,0.409669704609,1.54393939394,4.65227272727,0.331867773978,3.25454545455,7.06439393939,0.460697050938,1.77803030303,2.39090909091,0.743662864385,1.12727272727,4.1053030303,5.23560606061,2.49848484848,1.20606060606,0.475757575758,1.66742424242,3.08863636364,12.9151515152
13,23.1666666667,2.5,0.0,6.0,5.46666666667,11.8833333333,0.460028050491,0.466666666667,2.51666666667,0.185430463576,5.0,9.35,0.534759358289,0.0,0.0,nan,4.18333333333,10.9666666667,15.1333333333,4.98333333333,0.0,2.46666666667,3.38333333333,7.2,11.3833333333
14,28.0,2.0,0.0,7.0,5.1,5.1,1.0,0.0,0.0,nan,5.1,5.1,1.0,10.3,10.3,1.0,0.0,0.0,0.0,5.1,0.0,0.0,0.0,0.0,20.6
